1,A.O
2,Abdullah
3,Absalom
4,Acilia
5,Adele
6,Agotogi
7,Agsilly
8,Agyo
9,Ahho Desunen IX
10,Ahho Zurako
11,Aisa
12,Akainu
13,Akumai
14,Alabasta Citizens
15,Alabasta Guards
16,Aladdin
17,Albion
18,Ally
19,Alvida
20,Alvida Pirates
21,Amadob
22,Amazon
23,Ammo Knights
24,Andre
25,Anjo
26,Ankoro
27,Antonio
28,Aokiji
29,Aphelandra
30,Aqua Laguna Tidal Wave
31,Aremo Ganmi
32,Arlong
33,Arlong Pirates
34,Arrow
35,Arthur
36,Asahija
37,Aswa
38,Atmos
39,Attach
40,Avalo Pizarro
41,Axe Arm Morgan
42,Baby 5
43,Bacura
44,Baggaley
45,Bananawani
46,Banchi
47,Banchina
48,Bao
49,Baratie Cooks
50,Bariete
51,Baroque Works Agents
52,Barrel
53,Barrels Pirates
54,Bartholomew Kuma
55,Barto Club Pirates
56,Bartolomeo
57,Bas
58,Basil Hawkins
59,Basilisk
60,Bastille
61,Batchee
62,Baxcon
63,BB
64,Bear
65,Bear-Skin Rug Zombie
66,Belladonna
67,Bellamy
68,Bellamy Pirates
69,Bellett
70,Bell-mère
71,Benn Beckman
72,Bepo
73,Bian
74,Big Mom
75,Big Pan
76,Big-Helmet Pirates
77,Bimine
78,Biyo
79,Bizarre
80,Black Cat Pirates
81,Blackback
82,Blackbeard
83,Blamenco
84,Blenheim
85,Blondie
86,Blue Fan
87,Blue Gilly
88,Blue Gorillas
89,Bluejam
90,Bluejam Pirates
91,Blueno
92,Boa Hancock
93,Boa Marigold
94,Boa Sandersonia
95,Bobbin
96,Bobby Funk
97,Bobomba
98,Bogart
99,Bomba
100,Bon Kurei
101,Bonney Pirates
102,Boo
103,Boodle
104,Bourbon Jr.
105,Braham
106,Brahm
107,Brannew
108,Brew
109,Brocca
110,Brogy
111,Brook
112,Brownbeard
113,Buchi
114,Buffalo
115,Buggy
116,Buggy Pirates
117,Buggy's Delivery
118,Buhichuck
119,Bunny Joe
120,Bushon
121,Busshiri
122,Byron
123,Cabaji the Acrobat
124,Caesar Clown
125,Calgara
126,Camel
127,Cancer
128,Candre
129,Cands
130,Capone Bege
131,Capote
132,Caribou
133,Carne
134,Caroline
135,Carrot
136,Carue
137,Catacombo
138,Catarina Devon
139,Cavendish
140,Celestial Dragon Bodyguards
141,Cerberus
142,Chabo
143,Chaka
144,Chao
145,Chappe
146,Charloss
147,Charlotte Muscat
148,Charlotte Praline
149,Charlotte Purin
150,Chess
151,Chesskippa
152,Chessmarimo
153,Chew
154,Chiken
155,Chimney
156,Chinjao
157,Chocolat
158,Choi
159,Chouchou
160,Chuchun
161,Cipher Pol 0
162,Cipher Pol 5
163,Cipher Pol 6
164,Cipher Pol 9
165,Citizens
166,Coby
167,Cocoa
168,Cocox
169,Cocoyashi Villagers
170,Coffee Monkeys
171,Colscon
172,Comil
173,Conis
174,Corazon
175,Corgi
176,Coribou
177,Corrida Coliseum Attendants
178,Corrida Coliseum Participants
179,Corrida Coliseum Spectators
180,Cosmo
181,Cosmos
182,Cotton
183,Cowboy
184,Crocodile
185,Crocus
186,Curiel
187,Curly Dadan
188,Daddy Dee
189,Dagama
190,Daidalos
191,Daigin
192,Daikon
193,Daisy
194,Dalmatian
195,Dalton
196,Damask
197,Daruma
198,Daz Bones
199,Decalvan Brothers
200,Delacuaji
201,Dellinger
202,Demaro Black
203,Den
204,Den Den Mushi
205,Devil Dias
206,Diamante
207,Diez Barrels
208,Dirt Boss
209,Disco
210,Doberman
211,Doc Q
212,Doctor Hogback
213,Dogra
214,Doma
215,Domino
216,Domo-kun
217,Don Krieg
218,Don Krieg Pirates
219,Donovan
220,Donquixote Doflamingo
221,Donquixote Doflamingo String Clone
222,Donquixote Homing
223,Donquixote Pirates
224,Doran
225,Dorry
226,Dosun
227,Dr. Clover
228,Dr. Hiluluk
229,Dr. Kureha
230,Dracule Mihawk
231,Drake Pirates
232,Dressrosa Bounty Hunters
233,Dressrosa Citizens
234,Dressrosa Toys
235,Drip
236,Drum Island Citizens
237,Duke Inuarashi
238,Duval
239,Eddy
240,Edward Weeble
241,Egana
242,Elder Nyon
243,Elizabello II
244,Elmy
245,Emporio Ivankov
246,Enel
247,Enishida
248,Epoida
249,Erik
250,Erimaki Runners
251,Eustass Kid
252,Eyelashes
253,Farafra
254,Farul
255,Fen Bock
256,Fighting Fish
257,Fillonce
258,Fishbonen
259,Fisher Tiger
260,Fishman Island Citizens
261,Flapper
262,Flying Fish Riders
263,Flying Pirates
264,Forest Boss
265,Forliewbs
266,Fossa
267,Foxy
268,Foxy Pirates
269,Foxy Referee
270,Franky
271,Franky Family
272,Fujitora
273,Fukaboshi
274,Fukuro
275,Fullbody
276,Funkfreed
277,Fusha Village Villagers
278,Fuza
279,F-Wani
280,Gaburu
281,Gaimon
282,Galdino
283,Gallant Hippo Zombie
284,Galleon
285,Galley-La Company
286,Gambeer
287,Gambia
288,Gan Fall
289,Gancho
290,Gatherine
291,Gatz
292,Gedatsu
293,Gekko Moriah
294,Genbo
295,General Zombies
296,General Galaxy
297,Genzo
298,George Black
299,George Mach
300,Giant Eel
301,Giant Jack
302,Gin
303,Gina
304,Ginrummy
305,Gladius
306,Glove
307,Gode
308,God's Enforcers
309,Going Merry
310,Gol D. Roger
311,Goldfish Princess
312,Gomorrah
313,Gonbe
314,Goo
315,Gorilla
316,Goro
317,Gorosei
318,Gotti
319,Grabar
320,Gram
321,Great Michael
322,Guilty Jurors
323,Gyaro
324,Gyoro
325,Gyoru
326,Gyro
327,Gyro Pirates
328,Hack
329,Hack Fishman
330,Hajrudin
331,Hakowan
332,Hamburg
333,Hammond
334,Hangan
335,Hanger
336,Hannyabal
337,Happa
338,Happo Navy
339,Happygun
340,Haredas
341,Harisenbon
342,Haritsu Kendiyo
343,Haruta
344,Hatchan
345,Hattori
346,Heart Pirates
347,Heat
348,Helmeppo
349,Heppoko
350,Heracles
351,Herb
352,Hewitt
353,Hideo Usaguchi
354,Higuma
355,Hikoichi
356,Hildon
357,Hina
358,Hiramera
359,Ho
360,Hocha
361,Hocker
362,Hody Jones
363,Hoe
364,Hoichael
365,Holy
366,Hotori
367,Human Auctioning House Workers
368,Humandrills
369,Humphrey
370,Hundred Beasts Pirates
371,Hustle
372,Hyota
373,Hyouzou
374,Iceburg
375,Ichika
376,Ichiro Kumaguchi
377,Ideaman
378,Ideo
379,Igaram
380,Ikaros Much
381,Impel Down Guards
382,Impel Down Prisoners
383,Inazuma
384,Indigo
385,Inhel
386,Inuppe
387,Ippon-Matsu
388,Isa
389,Ishigo Shitemanna
390,Ishilly
391,Island Devourer
392,Islewan
393,Itomimizu
394,Ivan X
395,Izo
396,Jabra
397,Jack
398,Jaguar D. Saul
399,Jalmack
400,Jango
401,Jaya
402,Jean Ango
403,Jean Bart
404,Jeet
405,Jerry
406,Jesus Burgess
407,Jew Wall
408,Jewelry Bonney
409,Jigoro
410,Jinbe
411,Jobo
412,John
413,John Giant
414,Johnny
415,Jora
416,Jorge
417,Joy Boy
418,Jozu
419,Judy
420,Julius
421,Junan
422,Kabu
423,Kadar
424,Kagikko
425,Kaido
426,Kairen
427,Kairiken
428,Kairiki Destroyers
429,Kaku
430,Kakukaku
431,Kalifa
432,Kamakiri
433,Kaneshiro
434,Kanezenny
435,Kanjuro
436,Kappa
437,Karma
438,Kasa
439,Kasagoba
440,Kashi
441,Kashigami
442,Kaya
443,Kebi
444,Kechatch
445,Keimi
446,Kelly Funk
447,Kentauros
448,Kerville
449,Kibagaeru
450,Kibin
451,Kiev
452,Kiku
453,Kikyo
454,Killer
455,Kin'emon
456,King of Lvneel
457,Kinga
458,Kingdew
459,Kitetsu
460,Kitton
461,Kitton's Grandfather
462,Kiwi
463,Kizaru
464,Koala
465,Koda
466,Kohza
467,Kokoro
468,Konbu
469,Kong
470,Kop
471,Koshiro
472,Kotori
473,Koze
474,Kuina
475,Kuja Pirates
476,Kuja Warriors
477,Kumadori
478,Kumadori Yamanbako
479,Kumashi
480,Kung-Fu Dugongs
481,Kuro
482,Kuromarimo
483,Kuroobi
484,Kurotsuru
485,Kyros
486,Kyuin
487,Kyuji
488,Kyukyu
489,Laboon
490,Lacroix
491,Lacuba
492,Laffitte
493,Laki
494,Lami
495,Lao G
496,Lapahn
497,Laskey
498,Lassoo
499,Law Watching Unit
500,Leo
501,Lily
502,Lines
503,Lip Doughty
504,Little Garden Dinosaur
505,Little Oars Jr.
506,Loguetown Citizens
507,Loguetown Police
508,Lola
509,Lola Zombie
510,Lord of the Coast
511,Louis Arnote
512,Lucky Roo
513,Lulis
514,Machvise
515,Macro
516,Macro Automaton
517,Magellan
518,Magura
519,Maidy
520,Makino
521,Makko
522,Manboshi
523,Mani
524,Manjaro
525,Mansherry
526,Manticores
527,Marco
528,Margarita
529,Marguerite
530,Maria Napole
531,Marie
532,Marilyn
533,Marin
534,Marines
535,Mario
536,Marmieta
537,Mashikaku
538,Masira
539,Master Nekomamushi
540,Master of the Waters
541,Maujii
542,Maynard
543,Mayor Woop Slap
544,Mayushika
545,McGuy
546,McKinley
547,Meadows
548,Megalo
549,Mermaid Cafe Mermaids
550,Mermaid Cove Mermaids
551,Mero
552,Merry
553,Michael
554,Mikazuki
555,Mikio Itoo
556,Minatomo
557,Minister of the Left
558,Minister of the Right
559,Mink Tribe
560,Minochihuahua
561,Minokoala
562,Minorhinoceros
563,Minoruba
564,Minotaurus
565,Minozebra
566,Miss Bakkin
567,Miss Catharine
568,Miss Doublefinger
569,Miss Father's day
570,Miss Friday
571,Miss Goldenweek
572,Miss Merry Christmas
573,Miss Monday
574,Miss Mother's Day
575,Miss Saturday
576,Miss Thursday
577,Miss Tuesday
578,Miss Universe
579,Miss Valentine
580,Miyagi
581,Mizuira
582,Mizuta Madaisuki
583,Mizuta Mawaritosuki
584,Mjosgard
585,Moc Donald
586,Mocha
587,Mochi
588,Mocktown Pirates
589,Moda
590,Mohji
591,Mohmoo
592,Momonga
593,Momonosuke
594,Monda
595,Monet
596,Monji
597,Monkey D. Dragon
598,Monkey D. Garp
599,Monkey D. Luffy
600,Monkey D. Luffy's Mr. Snow Man
601,Monstar
602,Montblanc Cricket
603,Montblanc Noland
604,Moodie
605,Mornin
606,Motobaro
607,Motzel
608,Mounblutain
609,Mountain Bandits
610,Mountain Ricky
611,Mousse
612,Moyle
613,Mozambia
614,Mozu
615,Mr. 10
616,Mr. 11
617,Mr. 12
618,Mr. 13
619,Mr. 4
620,Mr. 5
621,Mr. 6
622,Mr. 7
623,Mr. 9
624,Mr. Beans
625,Mr. Love
626,Mr. Mellow
627,Mr. Shimizu
628,Mukkashimi Tower
629,Mummy
630,Mummy Mee
631,Muret
632,Nako
633,Nami
634,Namur
635,Natto
636,Nefertari Cobra
637,Nefertari Titi
638,Nefertari Vivi
639,Negikuma Maria
640,Neptune
641,Nerine
642,Nero
643,New Fishman Pirates
644,New Fishman Pirates Sea Monsters
645,Newkamas
646,Nezumi
647,Nico Olvia
648,Nico Robin
649,Nigeratta
650,Nika
651,Nin
652,Ninjin
653,Ninth
654,Nitro
655,Nnke-kun
656,Noah
657,Nojiko
658,Nola
659,Nora Gitsune
660,Nosgarl
661,Nubon
662,Nugire Yainu
663,Oars
664,Octopako
665,Octopus Mash
666,Ohm
667,Oimo
668,Okame
669,Okome
670,Onigumo
671,Oran
672,Orlumbus
673,Otohime
674,Outlook III
675,Pacifista
676,Packy
677,Pagaya
678,Palms
679,Pandaman
680,Pandawoman
681,Pansy
682,Pantri
683,Papaneel
684,Pappug
685,Pascia
686,Patty
687,Paulie
688,Pavlik
689,Pearl
690,Pedro
691,Peeply Lulu
692,Pekkori
693,Pekoms
694,Pell
695,Pellini
696,Penguin
697,Peppoko
698,Perona
699,Peterman
700,Pica
701,Pickles
702,Pierre
703,Piiman
704,Pisaro
705,Poppoko
706,Poppy
707,Porche
708,Porchemy
709,Poro
710,Portgas D. Ace
711,Portgas D. Rouge
712,Potsun
713,Princess
714,Pudding Pudding
715,Punk Hazard Centaurs
716,Punk Hazard Dragon
717,Punk Hazard Guinea Pig Children
718,Punk Hazard Satyrs
719,Punk Hazard Shark
720,Punk Hazard Small Dragon
721,Puppu
722,Puzzle Scorpions
723,PX-1
724,PX-4
725,PX-5
726,PX-7
727,Rabiyan
728,Raizou
729,Rakuyo
730,Ramba
731,Rampo
732,Ran
733,Rebecca
734,Red Hair Pirates
735,Reforte
736,Reiju
737,Reuder
738,Richie
739,Rika
740,Riku Army Soldiers
741,Riku Dold III
742,Rindo
743,Rint
744,Ripper
745,Ririka
746,Risky Brothers
747,Risky Brothers Zombies
748,Rivers
749,Rob Lucci
750,Robson
751,Roche
752,Roche Tomson
753,Rock
754,Rockstar
755,Roddy
756,Rody
757,Roger Pirates
758,Roji
759,Rokkaku
760,Rolling Logan
761,Rolling Pirates
762,Ronse
763,Roronoa Zoro
764,Roshio
765,Ross
766,Roswald
767,Rumbar Pirates
768,Run
769,Rush
770,Ryuboshi
771,Ryuma
772,Sabaody Archipelago Bounty Hunters
773,Sabaody Archipelago Citizens
774,Sabaody Archipelago Pirates
775,Sabaody Archipelago Slave Traders
776,Sabaody Archipelago Women
777,Sabo
778,Sadi-chan
779,Sai
780,Saldeath
781,Sally Nantuckanet
782,Salome
783,Sam
784,Samurai Batts
785,Sancrin
786,Sandora Lizard
787,Sanji
788,Sanjuan Wolf
789,Sanka
790,Sapi
791,Sarfunkel
792,Sarkies
793,Saru
794,Satori
795,Scarlett
796,Schollzo
797,Scissors
798,Scopper Gaban
799,Scotch
800,Scratchmen Apoo
801,Sea Bunny
802,Sea Cat
803,Sea King
804,Seagull
805,Seamars
806,Seducing Woods Buried Person
807,Seducing Woods Crocodile
808,Seira
809,Sengoku
810,Senor Pink
811,Sentomaru
812,Seto
813,Shachi
814,Shakky
815,Shalulia
816,Sham
817,Shanba
818,Shandia Chief
819,Shandians
820,Shanks
821,Sharinguru
822,Sheepshead
823,Shells Town Citizens
824,Shelly
825,Shiki
826,Shiliew
827,Shine
828,Shion
829,Shioyaki
830,Shirahoshi
831,Shoujou
832,Shu
833,Shura
834,Shyarly
835,Sicilian
836,Sicily
837,Silvers Rayleigh
838,Sind
839,Sky Lamprey
840,Sky Shark
841,Sky Snake
842,Skypieans
843,Sleepy
844,Smiley
845,Smoker
846,Smoothie
847,Sodom
848,Soldier Zombies
849,Sonieh
850,Sora
851,Soro
852,South Bird
853,Spacey
854,Spandam
855,Spandine
856,Spartan
857,Spector
858,Speed Jiru
859,Sphinx
860,Splash
861,Splatter
862,Spoil
863,Squard
864,Stainless
865,Stalker
866,Stansen
867,Stefan
868,Stelly
869,Stevie
870,Stomp
871,Stool
872,Straw Hat Pirates
873,Strawberry
874,Stronger
875,Su
876,Sugar
877,Suleiman
878,Sun Pirates
879,Super Spot-Billed Duck Squad
880,Surprise Zombies
881,Surume
882,Sweet Pea
883,Take
884,Tamachibi
885,Tamago
886,Tamagon
887,Tamanegi
888,Tank Lepanto
889,Tansui
890,Tararan
891,Taroimo
892,Tashigi
893,T-Bone
894,Terracotta
895,Terry
896,Terry Gilteo
897,Teru
898,Thalassa Lucas
899,Thatch
900,The Going Luffy
901,The Yonta Maria
902,Thousand Sunny
903,Tibany
904,Tilestone
905,Tom
906,Tomato Gang
907,Tonjit
908,Tontatta Dwarves
909,Tony Tony Chopper
910,Toto
911,Trafalgar D. Water Law
912,Trebol
913,Tristan
914,Tsukimi
915,Tsuru
916,Turco
917,Tyrannosaurus
918,Ucy
919,Ukkari
920,Ultraking
921,Unforgivable Mask
922,Unigaro
923,Unknown Jack Affiliate
924,Unknown Reindeer Mink
925,Unluckies
926,Urouge
927,Usopp
928,Usopp Pirates
929,Usopp's Snow Queen
930,Uzu
931,Van Augur
932,Vander Decken
933,Vander Decken IX
934,Vasco Shot
935,Vegapunk
936,Vergo
937,Very Good
938,Victoria Cindry
939,Viola
940,Vista
941,Vitan
942,Vito
943,Wadatsumi
944,Wallem
945,Wanda
946,Wanze
947,Wapol
948,Wapol Pirates
949,Warashi
950,Water 7 Citizens
951,Weatheria Scientists
952,Wellington
953,Whiskey Peak Citizens
954,White Berets
955,White Sea Creatures
956,Whitebeard
957,Whitebeard Pirates
958,Whitey Bay
959,Wicca
960,Wild Zombies
961,Willie Gallon
962,Wiper
963,Wire
964,Wolf Unit
965,X Drake
966,Yama
967,Yamakaji
968,Yamenahare
969,Yarisugi
970,Yasopp
971,Yokozuna
972,Yonji
973,Yonka
974,Yonka Two
975,Yonta Maria Grand Fleet
976,Yorki
977,Yosaku
978,Yoshimoto
979,Yotsubane
980,Yu
981,Yuki
982,Yukichi Skull
983,Yurikah
984,Zadie
985,Zambai
986,Zeff
987,Zeo
988,Zodia
989,Zombie #217
990,Zombie Penguin Trio
991,Zucca
